Route ID,Z,Do,Via,Total KM,EE km,LV km,LT km,PL km,DE km,CZ km,SK km,HU km,AT km,Toll EE,Toll LV,Toll LT,Toll PL,Toll DE,Toll CZ,Toll SK,Toll HU,Toll AT
WAW-FRA,Warszawa,Frankfurt am Main,Zgorzelec,1080,0,0,0,580,500,0,0,0,0,0.00,0.00,0.00,87.60,181.00,0.00,0.00,0.00,0.00
WAW-PRG,Warszawa,Praga,Kudowa-Zdrój,680,0,0,0,420,0,260,0,0,0,0.00,0.00,0.00,102.00,0.00,35.00,0.00,0.00,0.00
WAW-BUD,Warszawa,Budapeszt,Chyżné/Šahy,704,0,0,0,391,0,0,207,106,0,0.00,0.00,0.00,102.00,0.00,0.00,20.00,50.00,0.00
TLL-FRA,Tallinn,Frankfurt am Main,Via Baltica/A2,1910,210,270,240,640,550,0,0,0,0,0.00,0.00,0.00,102.00,190.00,0.00,0.00,0.00,0.00
WAW-MAD,WAW,MAD,,2842,0,0,0,466,705,0,0,0,0,0,0,0,0,0,0,0,0,0
WAW-BER-FRA,WAW,FRA,BER,1111,0,0,0,466,642,0,0,0,0,0,0,0,0,0,0,0,0,0
POZ-LCJ-BUD,POZ,BUD,LCJ,857,0,0,0,521,0,0,229,106,0,0,0,0,0,0,0,0,0,0
WAW-ZRH,WAW,ZRH,,1305,0,0,0,509,749,0,0,0,0,0,0,0,0,0,0,0,0,0
WAW-OTP,WAW,OTP,,1418,0,0,0,419,0,0,140,223,0,0,0,0,0,0,0,0,0,0
WAW-AMS,WAW,AMS,,1218,0,0,0,466,572,0,0,0,0,0,0,0,0,0,0,0,0,0
VIE-WAW,VIE,WAW,,675,0,0,0,349,0,229,0,0,96,0,0,0,34,0,39,0,0,38
VIE-VNO-RIX,VIE,RIX,VNO,1505,0,91,419,666,0,229,0,0,96,0,0,0,50,0,39,0,0,39
FRA-TLL,FRA,TLL,,2076,202,204,269,818,577,0,0,0,0,0,0,0,66,181.00,0,0,0,0
WRO-MAD,WRO,MAD,,2496,0,0,0,162,808,0,0,0,0,0,0,0,0,0,0,0,0,0
